Dataset,HSTree,IForestASD,LODA,RSHash,xStream
COIL20_mix_sudden,0.9248,0.9177,0.5000333333333333,0.9054666666666668,0.91
Ionosphere_shake_gradual,0.7308333333333333,0.9743666666666666,0.49920000000000003,0.7325666666666667,0.91305
Ionosphere_shake_sudden_2,0.7294999999999999,0.9700333333333333,0.5,0.7338,0.91535
S1,0.8751,0.9802,0.6123000000000001,0.9639,0.91965
S2,0.57295,0.596,0.5001,0.54915,0.50725
WOBC_shake_gradual_2,0.7284,0.9205333333333333,0.5,0.7332000000000001,0.9511000000000001
WOBC_shake_sudden,0.7269,0.9403,0.5000666666666667,0.7334333333333333,0.9522
dermatology_shake_gradual,0.7431333333333333,0.9794999999999999,0.5,0.7300333333333334,0.9885333333333334
dermatology_shake_sudden_2,0.7313333333333333,0.9790333333333333,0.5,0.7100666666666666,0.9879
glass_shake_gradual_2,0.7413333333333334,0.9835666666666666,0.5,0.7530000000000001,0.9200999999999999
glass_shake_sudden_2,0.7340666666666666,0.9869,0.5000666666666667,0.7489,0.91025
mice_shake_gradual_2,0.7169,0.9994666666666667,0.5,0.7200333333333333,0.99045
mice_shake_sudden,0.745,0.9998333333333335,0.5000666666666667,0.7386666666666667,0.9876
seeds_shake_gradual,0.7292,0.9506333333333333,0.5000333333333333,0.7228333333333333,0.92085
thyroid_shake_gradual,0.7074666666666666,0.9605333333333334,0.5000666666666667,0.5902333333333334,0.8745
vowel_shake_gradual,0.7276666666666666,0.9859666666666667,0.5000666666666667,0.7459333333333333,0.96925
vowel_shake_sudden_2,0.7469333333333333,0.9878666666666667,0.5000666666666667,0.7549666666666667,0.96485
wine_shake_sudden,0.7557999999999999,0.9827333333333333,0.5000666666666667,0.7535999999999999,0.96435
wine_shake_sudden_2,0.7420666666666667,0.9784333333333333,0.5,0.7416333333333333,0.95495
