Dataset,Algorithm,ROC,Time
COIL20_mix_sudden,HSTree,0.9266,1208.3512
COIL20_mix_sudden,IForestASD,0.9565,257.655
COIL20_mix_sudden,LODA,0.5001,133.5574
COIL20_mix_sudden,RSHash,0.9167,178.0127
COIL20_mix_sudden,xStream,0.9521,1829.833
Ionosphere_shake_gradual,HSTree,0.7318,79.1347
Ionosphere_shake_gradual,IForestASD,0.9823,145.8133
Ionosphere_shake_gradual,LODA,0.5,613.2512
Ionosphere_shake_gradual,RSHash,0.7329,218.6406
Ionosphere_shake_gradual,xStream,0.9233,821.6598
Ionosphere_shake_sudden_2,HSTree,0.7312,98.7775
Ionosphere_shake_sudden_2,IForestASD,0.9786,158.8626
Ionosphere_shake_sudden_2,LODA,0.5,192.8673
Ionosphere_shake_sudden_2,RSHash,0.7343,294.1031
Ionosphere_shake_sudden_2,xStream,0.9204,1028.3325
S1,HSTree,0.8771,632.8818
S1,IForestASD,0.9831,39.1305
S1,LODA,0.7246,83.0491
S1,RSHash,0.9682,19.0785
S1,xStream,0.956,400.7603
S2,HSTree,0.6152,0.7204
S2,IForestASD,0.6059,25.2117
S2,LODA,0.5002,32.9218
S2,RSHash,0.5595,28.4189
S2,xStream,0.543,122.2003
WOBC_shake_gradual_2,HSTree,0.7305,109.1832
WOBC_shake_gradual_2,IForestASD,0.9278,159.8281
WOBC_shake_gradual_2,LODA,0.5,205.3012
WOBC_shake_gradual_2,RSHash,0.7342,94.9041
WOBC_shake_gradual_2,xStream,0.9771,1363.8735
WOBC_shake_sudden,HSTree,0.7353,5.134
WOBC_shake_sudden,IForestASD,0.9432,127.4099
WOBC_shake_sudden,LODA,0.5001,111.8165
WOBC_shake_sudden,RSHash,0.7361,181.3683
WOBC_shake_sudden,xStream,0.9794,742.6617
dermatology_shake_gradual,HSTree,0.7447,4.428
dermatology_shake_gradual,IForestASD,0.9896,144.7282
dermatology_shake_gradual,LODA,0.5,156.7934
dermatology_shake_gradual,RSHash,0.7316,255.9244
dermatology_shake_gradual,xStream,0.995,824.815
dermatology_shake_sudden_2,HSTree,0.7321,2012.4924
dermatology_shake_sudden_2,IForestASD,0.985,250.543
dermatology_shake_sudden_2,LODA,0.5,197.493
dermatology_shake_sudden_2,RSHash,0.713,113.2897
dermatology_shake_sudden_2,xStream,0.9959,1035.106
glass_shake_gradual_2,HSTree,0.7481,6.4824
glass_shake_gradual_2,IForestASD,0.9859,156.2428
glass_shake_gradual_2,LODA,0.5,206.4063
glass_shake_gradual_2,RSHash,0.7536,91.3162
glass_shake_gradual_2,xStream,0.9207,14919.9533
glass_shake_sudden_2,HSTree,0.7355,2023.9373
glass_shake_sudden_2,IForestASD,0.9872,154.9414
glass_shake_sudden_2,LODA,0.5001,191.7697
glass_shake_sudden_2,RSHash,0.7496,113.5558
glass_shake_sudden_2,xStream,0.93,13348.0487
mice_shake_gradual_2,HSTree,0.7267,6.0588
mice_shake_gradual_2,IForestASD,0.9996,161.93
mice_shake_gradual_2,LODA,0.5,213.5969
mice_shake_gradual_2,RSHash,0.7203,313.012
mice_shake_gradual_2,xStream,0.9974,1271.0505
mice_shake_sudden,HSTree,0.7513,1212.49
mice_shake_sudden,IForestASD,0.9999,129.2713
mice_shake_sudden,LODA,0.5001,118.7815
mice_shake_sudden,RSHash,0.7408,172.853
mice_shake_sudden,xStream,0.9946,674.8051
seeds_shake_gradual,HSTree,0.7358,79.9484
seeds_shake_gradual,IForestASD,0.964,142.6125
seeds_shake_gradual,LODA,0.5001,303.7337
seeds_shake_gradual,RSHash,0.7234,227.8052
seeds_shake_gradual,xStream,0.93,785.6078
thyroid_shake_gradual,HSTree,0.7318,1653.6271
thyroid_shake_gradual,IForestASD,0.9738,144.075
thyroid_shake_gradual,LODA,0.5001,150.6085
thyroid_shake_gradual,RSHash,0.5916,64.5053
thyroid_shake_gradual,xStream,0.8783,778.6036
vowel_shake_gradual,HSTree,0.7313,4.6106
vowel_shake_gradual,IForestASD,0.9881,142.9183
vowel_shake_gradual,LODA,0.5001,150.5755
vowel_shake_gradual,RSHash,0.7471,254.9431
vowel_shake_gradual,xStream,0.9795,793.2603
vowel_shake_sudden_2,HSTree,0.7502,100.3233
vowel_shake_sudden_2,IForestASD,0.9902,152.3737
vowel_shake_sudden_2,LODA,0.5001,191.9505
vowel_shake_sudden_2,RSHash,0.756,317.2627
vowel_shake_sudden_2,xStream,0.9695,976.9534
wine_shake_sudden,HSTree,0.7652,1512.6033
wine_shake_sudden,IForestASD,0.9883,125.091
wine_shake_sudden,LODA,0.5001,111.8318
wine_shake_sudden,RSHash,0.7543,182.5454
wine_shake_sudden,xStream,0.9706,8283.8022
wine_shake_sudden_2,HSTree,0.7519,2348.7855
wine_shake_sudden_2,IForestASD,0.9835,149.411
wine_shake_sudden_2,LODA,0.5,187.2652
wine_shake_sudden_2,RSHash,0.7435,300.1258
wine_shake_sudden_2,xStream,0.9634,14598.4504
